tamanho_arquivo,tamanho_chunk,num_peers,tempo,desvio_padrao
10240,512,2,0.012515544891357422,0.005287983922855684
