tamanho_arquivo,tamanho_chunk,num_peers,tempo,desvio_padrao
10240,512,2,0.009556293487548828,0.0010884435932106001
