tamanho_arquivo,tamanho_chunk,num_peers,tempo,desvio_padrao
1056,512,2,0.0018591880798339844,0.0005050425563829885
