tamanho_arquivo,tamanho_chunk,num_peers,tempo,desvio_padrao
102400,512,2,0.12545228004455566,0.009432829881068633
