tamanho_arquivo,tamanho_chunk,num_peers,tempo,desvio_padrao
102400,256,2,0.19643449783325195,0.04077408072897794
