tamanho_arquivo,tamanho_chunk,num_peers,tempo,desvio_padrao
10240,256,2,0.025374889373779297,0.003332958551991682
