tamanho_arquivo,tamanho_chunk,num_peers,tempo,desvio_padrao
1056,512,2,0.0034401416778564453,0.0005401186502044081
