tamanho_arquivo,tamanho_chunk,num_peers,tempo,desvio_padrao
102400,512,2,0.08772730827331543,0.0035488003085655346
