tamanho_arquivo,tamanho_chunk,num_peers,tempo,desvio_padrao
1056,256,2,0.0036652088165283203,0.0006194695350187234
