tamanho_arquivo,tamanho_chunk,num_peers,tempo,desvio_padrao
102400,256,3,0.25917792320251465,0.023797724505753626
