tamanho_arquivo,tamanho_chunk,num_peers,tempo,desvio_padrao
1056,256,4,0.005585193634033203,0.0010195640972644577
