tamanho_arquivo,tamanho_chunk,num_peers,tempo,desvio_padrao
1056,256,2,0.003381967544555664,0.00036375946862972087
