tamanho_arquivo,tamanho_chunk,num_peers,tempo,desvio_padrao
1056,256,3,0.004079341888427734,0.00032579620864403596
