tamanho_arquivo,tamanho_chunk,num_peers,tempo,desvio_padrao
102400,256,4,0.2965266704559326,0.029045225519844033
