tamanho_arquivo,tamanho_chunk,num_peers,tempo,desvio_padrao
10240,256,2,0.012899398803710938,0.0012116308435017303
