tamanho_arquivo,tamanho_chunk,num_peers,tempo,desvio_padrao
10240,256,3,0.024937868118286133,0.0025321950346237064
