tamanho_arquivo,tamanho_chunk,num_peers,tempo,desvio_padrao
10240,256,4,0.018563508987426758,0.001031145077796184
