tamanho_arquivo,tamanho_chunk,num_peers,tempo,desvio_padrao
102400,256,2,0.1548779010772705,0.00714473402488691
